loan_id,income,loan_amount,employment_status,default
LOAN0001,33001.29,46106.58,Employed,0
LOAN0002,111203.94,446197.6,Employed,1
LOAN0003,5635.65,3546.47,Unemployed,1
LOAN0004,97349.41,348804.41,Employed,0
LOAN0005,9408.81,28132.18,Unemployed,0
LOAN0006,121056.88,80670.0,Employed,0
LOAN0007,8109.59,38855.81,Unemployed,1
LOAN0008,75591.28,136319.57,Employed,0
LOAN0009,21142.57,77412.3,Unemployed,1
LOAN0010,6576.0,10346.52,Unemployed,0
LOAN0011,16547.04,58588.32,Unemployed,1
LOAN0012,122768.2,492625.54,Employed,0
LOAN0013,75615.15,171970.03,Employed,0
LOAN0014,74421.72,78749.86,Employed,0
LOAN0015,103095.72,86398.19,Employed,0
LOAN0016,85471.23,116093.92,Employed,0
LOAN0017,112153.71,421583.11,Employed,0
LOAN0018,128616.31,402717.85,Employed,1
LOAN0019,55317.94,260856.21,Employed,0
LOAN0020,9252.53,23596.53,Unemployed,0
LOAN0021,7857.43,6346.05,Unemployed,0
LOAN0022,19940.28,43287.02,Unemployed,1
LOAN0023,9386.42,46819.0,Unemployed,1
LOAN0024,120693.86,430690.35,Employed,1
LOAN0025,125049.52,211657.82,Employed,1
LOAN0026,16917.77,40123.75,Unemployed,1
LOAN0027,111634.01,58161.32,Employed,0
LOAN0028,20371.97,35310.05,Unemployed,1
LOAN0029,84446.84,402779.89,Employed,0
LOAN0030,24437.76,93341.28,Unemployed,1
LOAN0031,134462.23,149923.95,Employed,0
LOAN0032,48340.71,184539.06,Employed,0
LOAN0033,101873.35,244814.25,Employed,1
LOAN0034,22574.44,94040.25,Unemployed,1
LOAN0035,58904.59,167532.28,Employed,1
LOAN0036,21320.47,104277.46,Unemployed,1
LOAN0037,45406.98,108430.4,Employed,0
LOAN0038,15553.48,47566.64,Unemployed,0
LOAN0039,115553.88,200097.16,Employed,0
LOAN0040,13762.0,36096.82,Unemployed,1
LOAN0041,37683.11,4942.15,Employed,0
LOAN0042,30862.9,109522.28,Employed,1
LOAN0043,138650.4,429958.06,Employed,1
LOAN0044,63417.27,154432.9,Employed,0
LOAN0045,9859.94,23844.45,Unemployed,1
LOAN0046,41631.7,90295.92,Employed,0
LOAN0047,22276.73,6979.61,Unemployed,0
LOAN0048,37273.52,135987.21,Employed,0
LOAN0049,59838.76,57719.12,Employed,0
LOAN0050,8669.76,20591.74,Unemployed,0
LOAN0051,83175.69,358355.18,Employed,0
LOAN0052,108257.39,270753.38,Employed,1
LOAN0053,141164.04,424499.17,Employed,1
LOAN0054,14627.17,63372.29,Unemployed,0
LOAN0055,75476.77,371854.34,Employed,1
LOAN0056,10704.98,37588.4,Unemployed,1
LOAN0057,8095.94,12713.94,Unemployed,0
LOAN0058,119757.07,29525.47,Employed,0
LOAN0059,36825.55,93997.49,Employed,0
LOAN0060,101404.21,337931.06,Employed,1
LOAN0061,142991.54,285268.03,Employed,0
LOAN0062,104325.78,210193.23,Employed,0
LOAN0063,23694.13,24994.46,Unemployed,0
LOAN0064,61873.74,41358.77,Employed,0
LOAN0065,11323.54,42816.97,Unemployed,1
LOAN0066,17423.19,49482.73,Unemployed,1
LOAN0067,90706.16,60940.68,Employed,0
LOAN0068,135512.43,185394.02,Employed,0
LOAN0069,17233.56,85080.47,Unemployed,1
LOAN0070,110143.58,277746.54,Employed,0
LOAN0071,142671.6,68011.27,Employed,0
LOAN0072,119090.0,78568.51,Employed,0
LOAN0073,116113.46,102595.06,Employed,0
LOAN0074,15108.18,19718.8,Unemployed,0
LOAN0075,41075.82,87570.04,Employed,1
LOAN0076,70026.78,46673.58,Employed,0
LOAN0077,118947.71,276288.53,Employed,0
LOAN0078,43424.87,205248.52,Employed,0
LOAN0079,95470.83,398562.8,Employed,0
LOAN0080,81574.41,18018.99,Employed,0
LOAN0081,137870.96,105828.19,Employed,0
LOAN0082,72441.44,203233.96,Employed,0
LOAN0083,141091.66,119131.93,Employed,0
LOAN0084,135769.94,13368.39,Employed,0
LOAN0085,20647.73,43093.0,Unemployed,0
LOAN0086,62016.69,244364.43,Employed,1
LOAN0087,133031.19,111994.43,Employed,0
LOAN0088,11993.17,49383.63,Unemployed,0
LOAN0089,32839.73,32518.52,Employed,0
LOAN0090,146026.69,140283.37,Employed,0
LOAN0091,18590.36,78576.16,Unemployed,1
LOAN0092,43841.01,212746.31,Employed,1
LOAN0093,5765.14,17600.01,Unemployed,1
LOAN0094,13727.88,67573.12,Unemployed,1
LOAN0095,60566.7,214935.14,Employed,1
LOAN0096,73706.58,26717.68,Employed,0
LOAN0097,17463.11,58260.65,Unemployed,1
LOAN0098,15142.45,50825.07,Unemployed,1
LOAN0099,16088.25,16240.02,Unemployed,0
LOAN0100,18546.36,83815.98,Unemployed,1
LOAN0101,13121.5,54864.9,Unemployed,1
LOAN0102,81586.58,237014.89,Employed,0
LOAN0103,13835.72,47063.32,Unemployed,1
LOAN0104,109062.09,142609.42,Employed,0
LOAN0105,6867.74,32738.43,Unemployed,1
LOAN0106,9492.81,10252.38,Unemployed,1
LOAN0107,148072.32,306025.71,Employed,0
LOAN0108,13288.82,42214.43,Unemployed,1
LOAN0109,14887.54,18917.66,Unemployed,0
LOAN0110,137119.18,430359.84,Employed,0
LOAN0111,9376.82,37895.86,Unemployed,1
LOAN0112,6004.37,8232.2,Unemployed,0
LOAN0113,7666.78,18346.94,Unemployed,1
LOAN0114,24000.79,107083.21,Unemployed,1
LOAN0115,21611.38,59653.47,Unemployed,0
LOAN0116,14001.4,52877.86,Unemployed,0
LOAN0117,20316.27,53433.04,Unemployed,0
LOAN0118,13797.45,49511.95,Unemployed,1
LOAN0119,11394.19,31232.83,Unemployed,1
LOAN0120,75964.24,58885.87,Employed,0
LOAN0121,13151.99,36139.47,Unemployed,1
LOAN0122,129946.94,195348.93,Employed,0
LOAN0123,132807.84,383031.69,Employed,0
LOAN0124,143129.0,150007.71,Employed,0
LOAN0125,15764.41,58170.73,Unemployed,1
LOAN0126,88587.54,121620.4,Employed,0
LOAN0127,11722.59,40127.37,Unemployed,1
LOAN0128,130860.68,459851.27,Employed,0
LOAN0129,138831.46,296354.5,Employed,0
LOAN0130,107129.96,68714.04,Employed,0
LOAN0131,61218.76,100873.27,Employed,0
LOAN0132,20224.59,38959.24,Unemployed,0
LOAN0133,10045.43,5032.01,Unemployed,1
LOAN0134,149988.94,175630.21,Employed,0
LOAN0135,120507.98,474856.25,Employed,1
LOAN0136,104560.28,120033.93,Employed,0
LOAN0137,97676.35,107231.94,Employed,0
LOAN0138,8355.78,25762.88,Unemployed,1
LOAN0139,123335.03,82719.14,Employed,0
LOAN0140,141466.46,288322.57,Employed,0
LOAN0141,12933.09,46521.73,Unemployed,1
LOAN0142,42228.16,163329.75,Employed,0
LOAN0143,125547.27,283400.35,Employed,1
LOAN0144,18230.43,7216.6,Unemployed,0
LOAN0145,131949.08,411343.13,Employed,1
LOAN0146,17711.7,73560.37,Unemployed,1
LOAN0147,8522.74,22711.81,Unemployed,0
LOAN0148,14297.48,59203.88,Unemployed,1
LOAN0149,22034.26,91691.99,Unemployed,1
LOAN0150,9877.27,23485.55,Unemployed,0
LOAN0151,11727.93,29491.65,Unemployed,1
LOAN0152,9242.4,37071.6,Unemployed,1
LOAN0153,16115.82,42112.73,Unemployed,1
LOAN0154,116408.96,244800.35,Employed,0
LOAN0155,17918.06,44482.01,Unemployed,0
LOAN0156,65308.27,132649.29,Employed,1
LOAN0157,14465.21,38868.56,Unemployed,1
LOAN0158,12036.21,27853.12,Unemployed,1
LOAN0159,44478.71,43636.92,Employed,0
LOAN0160,52984.92,195935.94,Employed,1
LOAN0161,24610.21,102623.17,Unemployed,1
LOAN0162,8588.83,1593.44,Unemployed,0
LOAN0163,5910.31,2556.8,Unemployed,1
LOAN0164,106544.36,376643.3,Employed,1
LOAN0165,98887.71,232618.55,Employed,0
LOAN0166,145859.72,126986.72,Employed,0
LOAN0167,128653.88,200953.01,Employed,1
LOAN0168,48207.24,195703.46,Employed,0
LOAN0169,149270.17,60107.33,Employed,0
LOAN0170,123083.22,190808.64,Employed,0
LOAN0171,22203.33,109919.92,Unemployed,1
LOAN0172,103155.71,370304.56,Employed,0
LOAN0173,105061.8,133058.42,Employed,1
LOAN0174,50857.63,20013.04,Employed,1
LOAN0175,18787.42,44672.3,Unemployed,1
LOAN0176,19139.12,67569.83,Unemployed,1
LOAN0177,140869.33,394126.19,Employed,0
LOAN0178,81016.68,221048.62,Employed,0
LOAN0179,21532.62,8616.79,Unemployed,1
LOAN0180,16900.88,69827.69,Unemployed,0
LOAN0181,7487.07,26092.22,Unemployed,1
LOAN0182,15009.44,37564.15,Unemployed,1
LOAN0183,136730.75,367532.43,Employed,0
LOAN0184,40959.23,197033.78,Employed,0
LOAN0185,149948.69,336468.51,Employed,1
LOAN0186,121573.08,88420.17,Employed,0
LOAN0187,23321.46,21981.47,Unemployed,0
LOAN0188,24381.1,57826.84,Unemployed,1
LOAN0189,18402.67,79065.16,Unemployed,1
LOAN0190,10764.36,50926.82,Unemployed,0
LOAN0191,84579.11,133693.39,Employed,0
LOAN0192,22298.21,92147.07,Unemployed,1
LOAN0193,13264.95,13253.78,Unemployed,1
LOAN0194,17508.17,66770.23,Unemployed,1
LOAN0195,141320.73,219619.93,Employed,0
LOAN0196,33464.33,105786.34,Employed,0
LOAN0197,67290.02,5587.1,Employed,0
LOAN0198,149070.86,456552.01,Employed,1
LOAN0199,107725.16,77831.59,Employed,0
LOAN0200,15177.44,21476.02,Unemployed,0
LOAN0201,9874.62,27666.4,Unemployed,1
LOAN0202,133683.23,138847.45,Employed,0
LOAN0203,11797.5,46677.76,Unemployed,1
LOAN0204,63940.68,96150.76,Employed,0
LOAN0205,22305.21,50355.12,Unemployed,1
LOAN0206,16038.35,44035.18,Unemployed,1
LOAN0207,22392.03,109826.9,Unemployed,1
LOAN0208,9671.25,37726.88,Unemployed,1
LOAN0209,19104.56,77696.64,Unemployed,1
LOAN0210,89439.44,17518.05,Employed,0
LOAN0211,22394.01,98008.95,Unemployed,1
LOAN0212,5306.95,4680.97,Unemployed,0
LOAN0213,38979.39,152535.37,Employed,1
LOAN0214,17996.73,76793.18,Unemployed,0
LOAN0215,24082.79,75848.57,Unemployed,0
LOAN0216,22447.66,4993.35,Unemployed,1
LOAN0217,24948.52,93406.81,Unemployed,1
LOAN0218,121244.36,352241.52,Employed,1
LOAN0219,113280.14,451808.61,Employed,1
LOAN0220,65204.13,122831.09,Employed,1
LOAN0221,16318.56,64871.36,Unemployed,1
LOAN0222,103139.01,191889.61,Employed,0
LOAN0223,23256.58,17499.03,Unemployed,0
LOAN0224,14191.41,47650.21,Unemployed,0
LOAN0225,23024.19,78329.6,Unemployed,1
LOAN0226,23904.71,118059.99,Unemployed,1
LOAN0227,18806.27,43500.05,Unemployed,1
LOAN0228,22066.71,12660.78,Unemployed,1
LOAN0229,16496.24,81885.74,Unemployed,1
LOAN0230,10489.61,30115.94,Unemployed,0
LOAN0231,139274.03,372840.9,Employed,0
LOAN0232,20514.82,24374.07,Unemployed,0
LOAN0233,106394.15,310824.69,Employed,0
LOAN0234,105389.77,451798.45,Employed,0
LOAN0235,20772.21,4431.91,Unemployed,1
LOAN0236,40816.01,60931.05,Employed,0
LOAN0237,54095.38,212947.03,Employed,0
LOAN0238,15617.05,71416.37,Unemployed,0
LOAN0239,23280.98,109963.9,Unemployed,0
LOAN0240,19931.19,34416.28,Unemployed,1
LOAN0241,46890.84,226633.53,Employed,0
LOAN0242,24345.39,98135.41,Unemployed,1
LOAN0243,5278.37,14624.56,Unemployed,1
LOAN0244,16691.2,68813.24,Unemployed,0
LOAN0245,110980.39,236266.96,Employed,0
LOAN0246,23305.12,26573.58,Unemployed,1
LOAN0247,23187.75,35733.36,Unemployed,1
LOAN0248,35441.62,7557.08,Employed,0
LOAN0249,41663.04,184942.34,Employed,1
LOAN0250,12420.23,59008.26,Unemployed,1
LOAN0251,16746.81,61114.49,Unemployed,0
LOAN0252,130043.17,308210.45,Employed,0
LOAN0253,5654.33,11104.96,Unemployed,1
LOAN0254,132654.02,50577.96,Employed,0
LOAN0255,6211.0,9291.62,Unemployed,0
LOAN0256,6833.47,8034.99,Unemployed,0
LOAN0257,36069.42,60813.9,Employed,0
LOAN0258,38233.22,146506.99,Employed,1
LOAN0259,127566.36,117266.34,Employed,0
LOAN0260,63272.98,311327.93,Employed,0
LOAN0261,20970.28,12416.01,Unemployed,0
LOAN0262,31783.24,125751.38,Employed,1
LOAN0263,5315.62,7787.6,Unemployed,1
LOAN0264,15521.71,58124.34,Unemployed,1
LOAN0265,15264.76,9214.36,Unemployed,0
LOAN0266,117269.16,454467.09,Employed,0
LOAN0267,14160.85,68293.12,Unemployed,1
LOAN0268,21945.97,47348.67,Unemployed,1
LOAN0269,6469.81,3532.7,Unemployed,0
LOAN0270,45142.99,141293.47,Employed,0
LOAN0271,12618.09,38092.33,Unemployed,1
LOAN0272,6983.57,24802.85,Unemployed,0
LOAN0273,81608.39,362490.3,Employed,1
LOAN0274,12974.6,47602.54,Unemployed,1
LOAN0275,18302.16,34878.29,Unemployed,1
LOAN0276,6342.67,26546.5,Unemployed,1
LOAN0277,119350.68,186950.78,Employed,1
LOAN0278,100375.81,281231.62,Employed,0
LOAN0279,79297.04,346498.79,Employed,0
LOAN0280,22361.84,80900.16,Unemployed,0
LOAN0281,12032.92,35192.32,Unemployed,1
LOAN0282,9484.9,6023.98,Unemployed,0
LOAN0283,7297.71,10885.98,Unemployed,1
LOAN0284,21903.1,106753.41,Unemployed,0
LOAN0285,103079.39,329257.78,Employed,0
LOAN0286,51649.93,181769.01,Employed,1
LOAN0287,12020.47,11721.49,Unemployed,1
LOAN0288,6391.71,23939.33,Unemployed,0
LOAN0289,119533.41,108351.31,Employed,0
LOAN0290,8148.19,13384.77,Unemployed,1
LOAN0291,136001.06,78634.37,Employed,0
LOAN0292,110876.25,136779.32,Employed,0
LOAN0293,17141.52,36084.51,Unemployed,1
LOAN0294,71420.74,40488.26,Employed,0
LOAN0295,15538.68,24653.73,Unemployed,1
LOAN0296,30922.45,47301.71,Employed,1
LOAN0297,121699.31,145434.12,Employed,0
LOAN0298,19940.28,18341.32,Unemployed,1
LOAN0299,90031.48,375307.21,Employed,0
LOAN0300,77648.54,288350.09,Employed,1
LOAN0301,23423.25,101104.98,Unemployed,1
LOAN0302,19189.98,40660.0,Unemployed,1
LOAN0303,145943.96,86764.72,Employed,0
LOAN0304,21640.52,99601.71,Unemployed,1
LOAN0305,59197.98,174711.08,Employed,0
LOAN0306,22410.49,83823.45,Unemployed,1
LOAN0307,39165.53,124369.67,Employed,0
LOAN0308,138710.73,175338.26,Employed,0
LOAN0309,58352.26,43580.31,Employed,0
LOAN0310,121225.84,328099.0,Employed,1
LOAN0311,14279.06,40684.33,Unemployed,1
LOAN0312,22284.94,70260.29,Unemployed,1
LOAN0313,86270.53,272718.26,Employed,0
LOAN0314,72233.07,27720.9,Employed,0
LOAN0315,36826.81,153311.97,Employed,1
LOAN0316,103801.01,254026.84,Employed,0
LOAN0317,83968.04,340183.46,Employed,0
LOAN0318,17100.12,43365.84,Unemployed,0
LOAN0319,7070.04,31885.19,Unemployed,1
LOAN0320,90545.88,78949.93,Employed,0
LOAN0321,24819.72,65512.11,Unemployed,0
LOAN0322,12457.04,18337.19,Unemployed,0
LOAN0323,18577.95,5811.85,Unemployed,0
LOAN0324,6318.24,3891.05,Unemployed,0
LOAN0325,10039.92,42896.72,Unemployed,0
LOAN0326,70003.44,204386.11,Employed,1
LOAN0327,11204.63,37098.2,Unemployed,1
LOAN0328,101404.95,469063.1,Employed,1
LOAN0329,17869.87,30020.69,Unemployed,1
LOAN0330,107522.98,212279.78,Employed,0
LOAN0331,11177.32,53206.45,Unemployed,1
LOAN0332,8840.1,44199.49,Unemployed,1
LOAN0333,21888.57,11967.99,Unemployed,0
LOAN0334,109431.51,438319.99,Employed,0
LOAN0335,8085.06,8129.91,Unemployed,0
LOAN0336,116541.96,22802.52,Employed,0
LOAN0337,146350.63,305687.12,Employed,0
LOAN0338,9680.06,12336.66,Unemployed,0
LOAN0339,23079.49,23194.96,Unemployed,0
LOAN0340,14233.6,20771.36,Unemployed,1
LOAN0341,24325.36,99538.98,Unemployed,0
LOAN0342,134760.23,27037.72,Employed,0
LOAN0343,16090.81,9151.17,Unemployed,0
LOAN0344,64207.56,245226.23,Employed,1
LOAN0345,129725.61,46765.07,Employed,0
LOAN0346,22692.6,105643.66,Unemployed,1
LOAN0347,15040.14,18494.9,Unemployed,0
LOAN0348,9490.78,15804.16,Unemployed,1
LOAN0349,20827.61,15191.75,Unemployed,1
LOAN0350,18921.44,13992.0,Unemployed,0
LOAN0351,17306.97,78482.38,Unemployed,1
LOAN0352,130195.57,274853.32,Employed,0
LOAN0353,7223.74,11117.75,Unemployed,1
LOAN0354,58612.74,187614.61,Employed,0
LOAN0355,43302.95,196072.5,Employed,0
LOAN0356,105834.59,287948.68,Employed,0
LOAN0357,13584.78,42145.46,Unemployed,1
LOAN0358,8746.28,29553.76,Unemployed,1
LOAN0359,6353.59,17185.77,Unemployed,1
LOAN0360,76854.45,181189.73,Employed,0
LOAN0361,10073.01,1801.8,Unemployed,0
LOAN0362,9822.52,32615.0,Unemployed,1
LOAN0363,7668.19,14155.18,Unemployed,1
LOAN0364,129646.04,342656.6,Employed,0
LOAN0365,17634.72,71741.17,Unemployed,1
LOAN0366,5739.68,6583.75,Unemployed,0
LOAN0367,67871.5,105916.5,Employed,0
LOAN0368,10066.28,38160.9,Unemployed,1
LOAN0369,22242.77,6268.67,Unemployed,0
LOAN0370,7489.5,14413.38,Unemployed,0
LOAN0371,22892.75,44870.17,Unemployed,0
LOAN0372,18841.37,35239.25,Unemployed,0
LOAN0373,21022.96,76699.93,Unemployed,1
LOAN0374,95456.93,153988.07,Employed,1
LOAN0375,11129.92,33933.03,Unemployed,1
LOAN0376,12030.94,3505.51,Unemployed,0
LOAN0377,17297.03,38180.95,Unemployed,0
LOAN0378,39004.94,124693.18,Employed,1
LOAN0379,144334.73,72246.95,Employed,0
LOAN0380,5695.98,2847.57,Unemployed,0
LOAN0381,12243.01,58172.21,Unemployed,1
LOAN0382,111487.45,474462.94,Employed,1
LOAN0383,98870.61,262210.65,Employed,0
LOAN0384,9992.23,6554.57,Unemployed,0
LOAN0385,15354.91,70223.27,Unemployed,1
LOAN0386,19080.76,21256.26,Unemployed,0
LOAN0387,9003.57,6974.47,Unemployed,1
LOAN0388,137841.48,223110.49,Employed,1
LOAN0389,18356.8,65414.92,Unemployed,1
LOAN0390,22826.63,97317.27,Unemployed,1
LOAN0391,125243.57,254869.12,Employed,1
LOAN0392,125047.88,119131.36,Employed,0
LOAN0393,16080.43,30292.34,Unemployed,0
LOAN0394,103433.8,44021.53,Employed,0
LOAN0395,15513.91,59894.58,Unemployed,0
LOAN0396,45039.21,72076.35,Employed,1
LOAN0397,18602.18,32699.12,Unemployed,0
LOAN0398,122133.8,65387.45,Employed,0
LOAN0399,129766.9,259532.96,Employed,0
LOAN0400,68719.29,244014.67,Employed,1
LOAN0401,21918.67,28214.07,Unemployed,0
LOAN0402,7503.41,12058.26,Unemployed,1
LOAN0403,101017.01,290742.6,Employed,1
LOAN0404,21850.6,62013.34,Unemployed,0
LOAN0405,39746.74,188559.68,Employed,0
LOAN0406,18022.6,69346.02,Unemployed,1
LOAN0407,89764.57,281858.37,Employed,1
LOAN0408,14658.9,59174.53,Unemployed,1
LOAN0409,14070.88,48758.38,Unemployed,1
LOAN0410,14685.02,15776.39,Unemployed,0
LOAN0411,22229.7,36172.22,Unemployed,0
LOAN0412,24507.48,16892.98,Unemployed,1
LOAN0413,68293.91,159819.7,Employed,1
LOAN0414,46905.32,12817.68,Employed,0
LOAN0415,9965.41,43250.41,Unemployed,1
LOAN0416,23675.03,85642.56,Unemployed,1
LOAN0417,89791.87,231575.8,Employed,0
LOAN0418,14947.41,7639.95,Unemployed,1
LOAN0419,24333.73,26961.19,Unemployed,1
LOAN0420,63762.76,190899.71,Employed,0
LOAN0421,10714.97,1429.93,Unemployed,1
LOAN0422,135894.69,364026.52,Employed,0
LOAN0423,5904.85,2459.23,Unemployed,0
LOAN0424,16064.46,6832.71,Unemployed,0
LOAN0425,21506.23,67394.64,Unemployed,1
LOAN0426,147009.94,197557.95,Employed,0
LOAN0427,16156.64,30169.25,Unemployed,1
LOAN0428,15001.56,4352.8,Unemployed,1
LOAN0429,21079.32,55216.57,Unemployed,1
LOAN0430,69355.9,212986.39,Employed,1
LOAN0431,16874.49,43296.09,Unemployed,1
LOAN0432,19174.8,29442.33,Unemployed,0
LOAN0433,11624.79,7261.05,Unemployed,0
LOAN0434,20935.1,76198.35,Unemployed,1
LOAN0435,101629.15,133499.69,Employed,0
LOAN0436,116568.01,292178.12,Employed,1
LOAN0437,7955.51,27396.92,Unemployed,1
LOAN0438,52894.12,117200.7,Employed,0
LOAN0439,18810.01,39185.64,Unemployed,0
LOAN0440,22456.35,82885.26,Unemployed,1
LOAN0441,92241.99,259125.67,Employed,0
LOAN0442,15509.54,25017.04,Unemployed,1
LOAN0443,15925.46,54141.72,Unemployed,0
LOAN0444,17201.53,17343.93,Unemployed,1
LOAN0445,9497.34,46227.4,Unemployed,1
LOAN0446,19098.02,66220.84,Unemployed,1
LOAN0447,11976.06,55976.56,Unemployed,1
LOAN0448,10755.79,31267.5,Unemployed,1
LOAN0449,21367.55,102033.65,Unemployed,0
LOAN0450,5841.33,27946.2,Unemployed,1
LOAN0451,18119.44,67959.44,Unemployed,1
LOAN0452,23660.48,82662.56,Unemployed,1
LOAN0453,59094.96,198249.22,Employed,0
LOAN0454,36298.93,75598.69,Employed,0
LOAN0455,111743.04,69596.05,Employed,0
LOAN0456,78828.89,368602.68,Employed,0
LOAN0457,18010.77,68316.79,Unemployed,1
LOAN0458,17917.96,81433.95,Unemployed,1
LOAN0459,94218.27,340931.37,Employed,0
LOAN0460,80146.2,335816.64,Employed,0
LOAN0461,149660.62,199100.29,Employed,0
LOAN0462,22534.86,2034.9,Unemployed,0
LOAN0463,141414.58,168186.01,Employed,0
LOAN0464,22785.2,16154.66,Unemployed,0
LOAN0465,8856.23,5875.48,Unemployed,1
LOAN0466,17965.71,64832.03,Unemployed,1
LOAN0467,20815.35,59525.04,Unemployed,0
LOAN0468,103314.54,319724.17,Employed,1
LOAN0469,15305.61,7551.13,Unemployed,0
LOAN0470,147802.22,239249.6,Employed,0
LOAN0471,61294.23,72944.95,Employed,0
LOAN0472,11038.92,40176.33,Unemployed,1
LOAN0473,18855.37,6794.76,Unemployed,1
LOAN0474,8194.34,28423.53,Unemployed,0
LOAN0475,18805.81,60418.71,Unemployed,0
LOAN0476,17292.51,19727.29,Unemployed,1
LOAN0477,84597.44,418276.96,Employed,1
LOAN0478,20147.01,80987.01,Unemployed,0
LOAN0479,111641.03,298311.42,Employed,0
LOAN0480,15563.46,28791.34,Unemployed,0
LOAN0481,37410.97,102892.8,Employed,0
LOAN0482,49744.46,212675.24,Employed,1
LOAN0483,116030.16,244925.16,Employed,0
LOAN0484,21173.84,48551.08,Unemployed,1
LOAN0485,16278.22,45922.32,Unemployed,0
LOAN0486,19465.6,39140.95,Unemployed,0
LOAN0487,99397.35,23463.14,Employed,0
LOAN0488,94939.62,29542.98,Employed,0
LOAN0489,5634.7,12110.35,Unemployed,0
LOAN0490,12489.22,55768.97,Unemployed,1
LOAN0491,12512.91,43031.99,Unemployed,1
LOAN0492,108424.09,174537.17,Employed,1
LOAN0493,15576.85,56960.83,Unemployed,1
LOAN0494,120741.53,489266.85,Employed,1
LOAN0495,15638.67,64557.95,Unemployed,1
LOAN0496,8102.43,8447.27,Unemployed,0
LOAN0497,33866.08,112131.34,Employed,0
LOAN0498,58879.96,20743.14,Employed,0
LOAN0499,16955.7,59920.27,Unemployed,1
LOAN0500,78271.84,92476.49,Employed,0
LOAN0501,46816.27,232562.46,Employed,1
LOAN0502,16549.5,64153.07,Unemployed,0
LOAN0503,66211.73,48284.35,Employed,0
LOAN0504,79627.22,110273.55,Employed,0
LOAN0505,105119.18,214173.09,Employed,0
LOAN0506,23831.73,80324.93,Unemployed,1
LOAN0507,18926.17,39225.65,Unemployed,1
LOAN0508,120529.93,237285.89,Employed,0
LOAN0509,22150.82,16843.2,Unemployed,0
LOAN0510,97486.31,471761.74,Employed,0
LOAN0511,76610.29,98421.46,Employed,0
LOAN0512,140667.13,423719.56,Employed,1
LOAN0513,36184.4,68860.82,Employed,0
LOAN0514,134834.46,94893.48,Employed,0
LOAN0515,87527.3,380644.02,Employed,1
LOAN0516,55416.93,53462.63,Employed,0
LOAN0517,23288.83,81305.99,Unemployed,1
LOAN0518,23302.53,64772.14,Unemployed,0
LOAN0519,14325.01,46815.98,Unemployed,1
LOAN0520,15256.33,38435.86,Unemployed,1
LOAN0521,20232.58,33075.49,Unemployed,1
LOAN0522,13278.6,37785.18,Unemployed,1
LOAN0523,31946.39,88828.22,Employed,0
LOAN0524,10903.85,11500.04,Unemployed,1
LOAN0525,89916.18,294644.63,Employed,0
LOAN0526,20267.21,50026.31,Unemployed,0
LOAN0527,14216.58,52354.8,Unemployed,1
LOAN0528,116437.62,244669.84,Employed,0
LOAN0529,92873.33,389796.36,Employed,1
LOAN0530,121720.66,206783.72,Employed,0
LOAN0531,38156.15,29662.52,Employed,0
LOAN0532,12464.01,38885.69,Unemployed,1
LOAN0533,18185.69,2414.73,Unemployed,0
LOAN0534,5237.02,14333.44,Unemployed,1
LOAN0535,5342.85,21909.73,Unemployed,1
LOAN0536,42841.97,21535.07,Employed,0
LOAN0537,104373.7,126956.68,Employed,0
LOAN0538,6580.38,31603.42,Unemployed,1
LOAN0539,148827.96,113702.77,Employed,0
LOAN0540,108448.29,429251.36,Employed,0
LOAN0541,78633.4,148913.46,Employed,0
LOAN0542,114341.42,42260.38,Employed,0
LOAN0543,16317.13,70139.29,Unemployed,1
LOAN0544,57571.98,259539.07,Employed,0
LOAN0545,10421.9,48233.32,Unemployed,1
LOAN0546,22986.23,65201.33,Unemployed,1
LOAN0547,5313.16,6296.16,Unemployed,1
LOAN0548,23577.5,35981.73,Unemployed,1
LOAN0549,18540.7,50571.47,Unemployed,1
LOAN0550,124859.77,344965.96,Employed,1
LOAN0551,6073.93,13837.13,Unemployed,0
LOAN0552,17103.37,52881.96,Unemployed,1
LOAN0553,5592.51,8369.59,Unemployed,0
LOAN0554,9562.77,26889.83,Unemployed,1
LOAN0555,111563.38,330675.28,Employed,1
LOAN0556,20961.1,75024.59,Unemployed,1
LOAN0557,75600.0,296526.64,Employed,1
LOAN0558,11333.56,6931.46,Unemployed,1
LOAN0559,13894.72,53132.14,Unemployed,1
LOAN0560,52487.01,118343.47,Employed,0
LOAN0561,7065.86,4076.55,Unemployed,0
LOAN0562,22274.36,2362.06,Unemployed,0
LOAN0563,116981.26,280208.74,Employed,0
LOAN0564,98635.25,84464.69,Employed,0
LOAN0565,62270.28,84300.43,Employed,0
LOAN0566,82161.15,173570.16,Employed,0
LOAN0567,73334.99,346278.44,Employed,0
LOAN0568,16876.13,17304.94,Unemployed,1
LOAN0569,5135.35,10764.39,Unemployed,0
LOAN0570,21081.53,35406.68,Unemployed,1
LOAN0571,66052.23,199614.04,Employed,0
LOAN0572,11283.67,54455.13,Unemployed,0
LOAN0573,19697.49,62700.05,Unemployed,0
LOAN0574,69106.35,97572.3,Employed,0
LOAN0575,7277.76,20953.99,Unemployed,1
LOAN0576,111805.52,275499.48,Employed,0
LOAN0577,23859.5,25800.88,Unemployed,0
LOAN0578,128275.87,398032.76,Employed,1
LOAN0579,7783.58,12482.78,Unemployed,1
LOAN0580,115828.37,394749.3,Employed,1
LOAN0581,16644.88,44938.04,Unemployed,0
LOAN0582,15872.9,62964.45,Unemployed,1
LOAN0583,43124.33,54275.74,Employed,0
LOAN0584,107639.98,23104.05,Employed,0
LOAN0585,24336.22,41017.45,Unemployed,0
LOAN0586,31265.73,41189.48,Employed,0
LOAN0587,83493.43,163894.53,Employed,0
LOAN0588,71396.09,9743.82,Employed,0
LOAN0589,23410.95,10963.86,Unemployed,0
LOAN0590,71799.44,123816.91,Employed,0
LOAN0591,11966.01,6743.17,Unemployed,0
LOAN0592,11378.19,17782.04,Unemployed,0
LOAN0593,32710.21,56767.68,Employed,1
LOAN0594,141590.69,370504.25,Employed,0
LOAN0595,69718.76,149203.35,Employed,0
LOAN0596,17595.21,17211.2,Unemployed,0
LOAN0597,5583.85,17531.3,Unemployed,1
LOAN0598,12776.72,45316.31,Unemployed,1
LOAN0599,99281.75,397080.46,Employed,0
LOAN0600,11519.7,26896.67,Unemployed,1
LOAN0601,15554.3,50065.32,Unemployed,1
LOAN0602,16740.09,29773.52,Unemployed,0
LOAN0603,127648.59,353288.19,Employed,1
LOAN0604,110653.21,157279.69,Employed,0
LOAN0605,51965.34,180479.89,Employed,0
LOAN0606,16928.52,49078.27,Unemployed,1
LOAN0607,17710.03,61710.16,Unemployed,1
LOAN0608,96589.51,236981.77,Employed,1
LOAN0609,21839.7,68019.23,Unemployed,0
LOAN0610,88153.07,86810.75,Employed,0
LOAN0611,13182.69,32919.62,Unemployed,0
LOAN0612,14773.99,7024.2,Unemployed,1
LOAN0613,65050.79,90122.14,Employed,0
LOAN0614,123688.82,283259.58,Employed,0
LOAN0615,15994.52,9940.57,Unemployed,1
LOAN0616,15840.87,60183.98,Unemployed,1
LOAN0617,15927.07,78831.36,Unemployed,1
LOAN0618,65725.07,328400.16,Employed,1
LOAN0619,22243.99,10587.26,Unemployed,0
LOAN0620,123075.8,119236.08,Employed,0
LOAN0621,22220.97,68192.78,Unemployed,1
LOAN0622,124181.92,406951.4,Employed,0
LOAN0623,15645.62,47094.19,Unemployed,1
LOAN0624,10786.66,15151.35,Unemployed,0
LOAN0625,46270.67,173786.7,Employed,1
LOAN0626,149098.35,433656.75,Employed,1
LOAN0627,59961.27,213569.3,Employed,0
LOAN0628,14789.17,43120.8,Unemployed,1
LOAN0629,12503.45,5645.55,Unemployed,0
LOAN0630,78342.09,293955.63,Employed,0
LOAN0631,14093.91,34904.23,Unemployed,1
LOAN0632,117711.83,229766.18,Employed,0
LOAN0633,22002.12,87737.33,Unemployed,1
LOAN0634,21496.95,53679.6,Unemployed,1
LOAN0635,11755.1,34390.41,Unemployed,1
LOAN0636,20766.07,92946.24,Unemployed,1
LOAN0637,41948.97,164632.95,Employed,1
LOAN0638,141531.95,79833.77,Employed,0
LOAN0639,9046.36,31457.66,Unemployed,1
LOAN0640,8179.55,38213.65,Unemployed,1
LOAN0641,10007.79,19234.83,Unemployed,0
LOAN0642,36214.47,113654.03,Employed,0
LOAN0643,81507.71,38075.99,Employed,1
LOAN0644,87216.8,58735.56,Employed,0
LOAN0645,5185.74,18340.33,Unemployed,0
LOAN0646,18880.62,45618.68,Unemployed,1
LOAN0647,117691.61,52111.16,Employed,0
LOAN0648,7742.59,30169.48,Unemployed,1
LOAN0649,106989.14,338891.4,Employed,1
LOAN0650,103238.31,82894.16,Employed,0
LOAN0651,105369.6,76535.69,Employed,0
LOAN0652,22199.25,10535.36,Unemployed,1
LOAN0653,100748.87,192631.92,Employed,0
LOAN0654,20821.53,26548.67,Unemployed,0
LOAN0655,96407.6,289626.58,Employed,0
LOAN0656,131747.05,329544.28,Employed,0
LOAN0657,119741.24,148475.48,Employed,1
LOAN0658,89386.53,51276.08,Employed,0
LOAN0659,93394.38,456579.3,Employed,0
LOAN0660,7639.66,33020.82,Unemployed,1
LOAN0661,15927.12,14585.9,Unemployed,0
LOAN0662,32002.73,11738.6,Employed,0
LOAN0663,140709.51,474391.32,Employed,1
LOAN0664,17571.41,44519.64,Unemployed,1
LOAN0665,6648.56,18300.35,Unemployed,0
LOAN0666,6671.94,3557.11,Unemployed,0
LOAN0667,94366.82,184969.72,Employed,0
LOAN0668,67220.34,147602.32,Employed,0
LOAN0669,36948.71,16841.05,Employed,0
LOAN0670,17245.94,5690.07,Unemployed,0
LOAN0671,44333.16,157209.45,Employed,0
LOAN0672,89569.55,155924.41,Employed,0
LOAN0673,8339.26,6165.61,Unemployed,0
LOAN0674,19658.72,12486.16,Unemployed,0
LOAN0675,21142.16,29479.31,Unemployed,1
LOAN0676,89537.71,229160.42,Employed,1
LOAN0677,74122.53,95294.13,Employed,0
LOAN0678,57408.53,146545.62,Employed,1
LOAN0679,59346.17,140515.34,Employed,0
LOAN0680,51475.31,247209.21,Employed,1
LOAN0681,9490.31,12532.21,Unemployed,0
LOAN0682,10425.16,4982.04,Unemployed,1
LOAN0683,51521.32,207398.44,Employed,0
LOAN0684,6378.53,15367.99,Unemployed,1
LOAN0685,11546.02,32376.93,Unemployed,1
LOAN0686,64991.41,255146.64,Employed,0
LOAN0687,85671.2,253862.67,Employed,0
LOAN0688,117895.6,273733.06,Employed,0
LOAN0689,30765.35,63664.49,Employed,1
LOAN0690,17718.84,61743.14,Unemployed,1
LOAN0691,5029.24,16871.39,Unemployed,0
LOAN0692,7078.98,19222.92,Unemployed,1
LOAN0693,24223.7,117822.36,Unemployed,1
LOAN0694,6860.53,31680.88,Unemployed,0
LOAN0695,19016.94,36045.8,Unemployed,0
LOAN0696,99692.48,252431.31,Employed,0
LOAN0697,6496.61,18876.73,Unemployed,1
LOAN0698,58412.61,76964.82,Employed,0
LOAN0699,19014.51,70176.52,Unemployed,1
LOAN0700,9672.22,45687.79,Unemployed,1
LOAN0701,48649.27,40819.24,Employed,0
LOAN0702,7414.73,13924.74,Unemployed,0
LOAN0703,11166.15,15530.58,Unemployed,1
LOAN0704,126911.63,152803.28,Employed,0
LOAN0705,55802.49,239138.03,Employed,1
LOAN0706,146208.0,198725.99,Employed,1
LOAN0707,10203.34,50550.38,Unemployed,1
LOAN0708,22092.03,61854.78,Unemployed,1
LOAN0709,85445.19,343641.66,Employed,1
LOAN0710,37400.3,146259.73,Employed,1
LOAN0711,128840.81,186747.63,Employed,0
LOAN0712,99878.86,129994.74,Employed,0
LOAN0713,149659.37,99677.42,Employed,0
LOAN0714,41037.44,174002.8,Employed,0
LOAN0715,35123.56,81497.92,Employed,1
LOAN0716,21433.71,42936.44,Unemployed,1
LOAN0717,8456.14,9863.63,Unemployed,1
LOAN0718,13920.23,11196.29,Unemployed,0
LOAN0719,107673.41,249946.91,Employed,0
LOAN0720,6219.58,9420.67,Unemployed,1
LOAN0721,107118.3,398801.77,Employed,1
LOAN0722,148728.43,391175.97,Employed,0
LOAN0723,11880.68,34035.95,Unemployed,1
LOAN0724,8596.32,14386.99,Unemployed,1
LOAN0725,6171.82,30606.23,Unemployed,1
LOAN0726,146877.58,50967.03,Employed,0
LOAN0727,15673.79,62217.19,Unemployed,1
LOAN0728,99083.05,486844.38,Employed,1
LOAN0729,51132.04,151891.14,Employed,0
LOAN0730,23279.6,4254.98,Unemployed,0
LOAN0731,97573.07,92644.45,Employed,0
LOAN0732,15842.49,14730.72,Unemployed,1
LOAN0733,57914.8,64142.57,Employed,0
LOAN0734,69808.08,214743.71,Employed,0
LOAN0735,19338.75,88921.58,Unemployed,0
LOAN0736,6191.12,5424.8,Unemployed,0
LOAN0737,122923.98,423393.96,Employed,0
LOAN0738,74830.89,352482.84,Employed,1
LOAN0739,70387.33,114213.29,Employed,0
LOAN0740,20836.85,100125.2,Unemployed,1
LOAN0741,114861.95,281426.68,Employed,0
LOAN0742,9464.74,28282.35,Unemployed,1
LOAN0743,19679.9,29685.83,Unemployed,1
LOAN0744,143854.57,474400.38,Employed,1
LOAN0745,51849.81,83179.22,Employed,0
LOAN0746,106757.61,52951.01,Employed,0
LOAN0747,19906.87,24450.77,Unemployed,0
LOAN0748,106342.41,481576.73,Employed,0
LOAN0749,13932.6,19210.28,Unemployed,1
LOAN0750,72057.74,283767.39,Employed,0
LOAN0751,76312.45,279794.0,Employed,0
LOAN0752,14861.64,28762.74,Unemployed,1
LOAN0753,129456.84,394576.27,Employed,0
LOAN0754,49518.78,19176.29,Employed,0
LOAN0755,5401.56,7791.36,Unemployed,1
LOAN0756,8402.1,16397.72,Unemployed,0
LOAN0757,70554.07,347590.92,Employed,0
LOAN0758,81758.8,267548.5,Employed,0
LOAN0759,8142.08,5020.99,Unemployed,1
LOAN0760,79113.58,219634.98,Employed,0
LOAN0761,18211.96,27783.84,Unemployed,1
LOAN0762,16435.4,69176.87,Unemployed,1
LOAN0763,5076.31,3136.52,Unemployed,0
LOAN0764,8993.5,2131.53,Unemployed,1
LOAN0765,24541.15,58636.27,Unemployed,1
LOAN0766,14418.89,64620.82,Unemployed,1
LOAN0767,8697.62,38622.9,Unemployed,1
LOAN0768,5892.34,13515.76,Unemployed,1
LOAN0769,16284.93,13154.63,Unemployed,0
LOAN0770,40284.88,69904.18,Employed,0
LOAN0771,96432.23,405558.93,Employed,0
LOAN0772,24312.55,83834.8,Unemployed,0
LOAN0773,87151.47,35326.29,Employed,0
LOAN0774,90252.18,406439.71,Employed,0
LOAN0775,44433.82,168466.76,Employed,1
LOAN0776,146659.79,404421.9,Employed,1
LOAN0777,6567.37,22748.56,Unemployed,1
LOAN0778,130092.97,129685.29,Employed,0
LOAN0779,40443.29,112949.63,Employed,0
LOAN0780,15393.76,70675.69,Unemployed,1
LOAN0781,7250.38,6275.18,Unemployed,0
LOAN0782,140991.38,281779.2,Employed,1
LOAN0783,22349.51,98472.88,Unemployed,0
LOAN0784,12660.87,31254.04,Unemployed,0
LOAN0785,50663.97,102678.33,Employed,0
LOAN0786,5775.65,25799.77,Unemployed,1
LOAN0787,35914.92,85861.9,Employed,1
LOAN0788,5404.66,22271.08,Unemployed,1
LOAN0789,21856.93,93933.65,Unemployed,1
LOAN0790,46126.26,224711.27,Employed,1
LOAN0791,10388.4,22231.24,Unemployed,0
LOAN0792,83005.99,379188.54,Employed,1
LOAN0793,20189.87,87674.97,Unemployed,0
LOAN0794,37874.04,134661.73,Employed,1
LOAN0795,50848.48,222632.82,Employed,1
LOAN0796,59938.83,137338.55,Employed,0
LOAN0797,62877.3,259075.75,Employed,0
LOAN0798,111740.92,121727.11,Employed,0
LOAN0799,8551.67,37349.84,Unemployed,1
LOAN0800,11884.98,49939.84,Unemployed,1
LOAN0801,64208.33,124717.12,Employed,1
LOAN0802,132853.34,324042.57,Employed,0
LOAN0803,18031.75,46763.51,Unemployed,0
LOAN0804,86891.66,58352.64,Employed,0
LOAN0805,56852.4,173320.7,Employed,0
LOAN0806,13476.14,25990.7,Unemployed,1
LOAN0807,9364.18,14844.56,Unemployed,1
LOAN0808,16689.74,1605.8,Unemployed,0
LOAN0809,16229.14,48588.32,Unemployed,1
LOAN0810,87808.61,148306.72,Employed,1
LOAN0811,22229.83,29765.11,Unemployed,0
LOAN0812,8767.2,23158.79,Unemployed,1
LOAN0813,126651.58,401379.51,Employed,0
LOAN0814,18615.12,67412.58,Unemployed,1
LOAN0815,10188.53,21904.28,Unemployed,1
LOAN0816,99962.84,497197.29,Employed,0
LOAN0817,19531.0,22492.51,Unemployed,0
LOAN0818,23130.53,78031.5,Unemployed,1
LOAN0819,130876.64,438370.9,Employed,1
LOAN0820,86493.7,320683.16,Employed,0
LOAN0821,143630.81,449895.99,Employed,0
LOAN0822,72634.01,270530.55,Employed,1
LOAN0823,12433.65,36818.33,Unemployed,1
LOAN0824,86464.39,374694.48,Employed,0
LOAN0825,86666.36,85107.47,Employed,0
LOAN0826,15596.77,32802.59,Unemployed,0
LOAN0827,46483.83,47352.47,Employed,0
LOAN0828,7864.48,34049.01,Unemployed,1
LOAN0829,88509.7,279631.57,Employed,1
LOAN0830,30565.62,42529.22,Employed,0
LOAN0831,99153.47,79388.52,Employed,0
LOAN0832,45528.71,99297.89,Employed,0
LOAN0833,24306.56,47202.2,Unemployed,1
LOAN0834,117679.09,475084.24,Employed,0
LOAN0835,32149.94,1658.78,Employed,0
LOAN0836,113222.97,172830.54,Employed,1
LOAN0837,15066.73,23754.65,Unemployed,1
LOAN0838,65784.27,96368.64,Employed,0
LOAN0839,13673.3,47265.98,Unemployed,1
LOAN0840,12185.02,12291.45,Unemployed,0
LOAN0841,5382.49,6812.72,Unemployed,0
LOAN0842,118089.19,295256.72,Employed,1
LOAN0843,19222.2,76340.01,Unemployed,1
LOAN0844,20424.99,64014.47,Unemployed,1
LOAN0845,109436.39,327130.24,Employed,1
LOAN0846,80013.07,152746.1,Employed,0
LOAN0847,19037.36,20354.91,Unemployed,0
LOAN0848,66133.97,219130.86,Employed,0
LOAN0849,17455.96,61458.53,Unemployed,1
LOAN0850,91390.17,282639.91,Employed,1
LOAN0851,89728.69,273615.67,Employed,0
LOAN0852,72950.62,150050.1,Employed,1
LOAN0853,23207.13,80167.98,Unemployed,1
LOAN0854,30328.56,102176.7,Employed,0
LOAN0855,7982.89,4505.52,Unemployed,0
LOAN0856,138573.53,322524.06,Employed,0
LOAN0857,10282.5,3524.67,Unemployed,0
LOAN0858,132269.84,180747.12,Employed,0
LOAN0859,19770.8,10295.98,Unemployed,0
LOAN0860,31160.68,22423.93,Employed,0
LOAN0861,12150.55,27154.65,Unemployed,0
LOAN0862,74714.66,128689.34,Employed,1
LOAN0863,24246.2,33682.76,Unemployed,1
LOAN0864,20997.98,68473.48,Unemployed,1
LOAN0865,45901.39,166989.99,Employed,0
LOAN0866,42445.57,193476.47,Employed,1
LOAN0867,8625.21,16997.4,Unemployed,1
LOAN0868,133509.09,440095.17,Employed,0
LOAN0869,87969.56,215211.61,Employed,0
LOAN0870,5919.45,8481.41,Unemployed,1
LOAN0871,147347.47,335252.33,Employed,0
LOAN0872,81941.75,297989.02,Employed,1
LOAN0873,7973.09,33119.88,Unemployed,0
LOAN0874,31397.38,146749.7,Employed,0
LOAN0875,22037.42,95928.97,Unemployed,1
LOAN0876,11412.68,19551.09,Unemployed,1
LOAN0877,96059.47,182479.99,Employed,0
LOAN0878,85091.35,341100.76,Employed,1
LOAN0879,13941.36,9155.97,Unemployed,0
LOAN0880,42317.2,87832.73,Employed,0
LOAN0881,129109.05,396099.86,Employed,0
LOAN0882,22802.22,64549.82,Unemployed,0
LOAN0883,24007.1,44250.65,Unemployed,1
LOAN0884,131318.09,166654.34,Employed,0
LOAN0885,19333.16,35754.86,Unemployed,1
LOAN0886,121118.39,111651.81,Employed,0
LOAN0887,15953.81,30450.99,Unemployed,1
LOAN0888,89090.66,366268.9,Employed,0
LOAN0889,7139.23,22194.2,Unemployed,1
LOAN0890,9311.79,38565.82,Unemployed,1
LOAN0891,7155.31,15413.85,Unemployed,0
LOAN0892,122657.42,225801.79,Employed,0
LOAN0893,145662.57,3164.48,Employed,0
LOAN0894,21776.32,53099.47,Unemployed,1
LOAN0895,113018.13,87651.48,Employed,0
LOAN0896,76488.67,230074.29,Employed,0
LOAN0897,13373.29,41112.25,Unemployed,1
LOAN0898,62831.51,302756.59,Employed,0
LOAN0899,21095.94,15437.01,Unemployed,0
LOAN0900,21861.49,60331.47,Unemployed,1
LOAN0901,54106.69,169234.04,Employed,1
LOAN0902,23423.84,16405.73,Unemployed,0
LOAN0903,90467.21,314368.02,Employed,1
LOAN0904,121293.0,281577.83,Employed,0
LOAN0905,18484.87,82721.12,Unemployed,1
LOAN0906,21166.1,55798.05,Unemployed,1
LOAN0907,36367.8,11236.35,Employed,0
LOAN0908,148023.89,342011.77,Employed,1
LOAN0909,112871.38,148275.14,Employed,0
LOAN0910,73041.89,165839.2,Employed,0
LOAN0911,119089.53,281074.01,Employed,1
LOAN0912,18858.72,5382.92,Unemployed,1
LOAN0913,24134.04,117776.9,Unemployed,1
LOAN0914,31555.83,40405.05,Employed,0
LOAN0915,21599.67,98527.54,Unemployed,1
LOAN0916,20102.15,55394.08,Unemployed,0
LOAN0917,65301.33,58753.31,Employed,0
LOAN0918,145497.03,367804.66,Employed,1
LOAN0919,81420.94,227037.32,Employed,1
LOAN0920,5112.9,12455.2,Unemployed,0
LOAN0921,48444.41,78825.48,Employed,1
LOAN0922,14811.02,42836.97,Unemployed,1
LOAN0923,15507.9,74247.36,Unemployed,1
LOAN0924,79911.75,215040.38,Employed,1
LOAN0925,136007.61,332003.9,Employed,0
LOAN0926,9368.91,35505.16,Unemployed,1
LOAN0927,43766.63,76371.86,Employed,1
LOAN0928,145067.62,341593.13,Employed,0
LOAN0929,76305.11,206574.1,Employed,1
LOAN0930,15286.18,39374.38,Unemployed,1
LOAN0931,22965.63,22913.33,Unemployed,0
LOAN0932,50087.38,239530.57,Employed,0
LOAN0933,105231.97,106179.96,Employed,0
LOAN0934,133794.1,212680.52,Employed,1
LOAN0935,17931.22,84314.67,Unemployed,1
LOAN0936,32850.35,118030.0,Employed,1
LOAN0937,36512.17,145198.31,Employed,0
LOAN0938,139318.39,204408.76,Employed,0
LOAN0939,13660.5,2136.8,Unemployed,0
LOAN0940,106970.73,309556.33,Employed,0
LOAN0941,114105.84,37222.13,Employed,0
LOAN0942,64780.39,222471.56,Employed,0
LOAN0943,20305.48,44998.45,Unemployed,1
LOAN0944,86878.52,232200.98,Employed,1
LOAN0945,20935.41,89070.28,Unemployed,1
LOAN0946,65766.78,291781.5,Employed,0
LOAN0947,24147.83,2335.12,Unemployed,0
LOAN0948,44788.22,2121.36,Employed,0
LOAN0949,66562.94,249295.81,Employed,0
LOAN0950,9234.74,41910.57,Unemployed,0
LOAN0951,49314.52,55219.48,Employed,0
LOAN0952,43754.71,147121.24,Employed,0
LOAN0953,132166.53,466252.56,Employed,0
LOAN0954,17893.49,7470.91,Unemployed,0
LOAN0955,6964.05,25539.61,Unemployed,1
LOAN0956,12142.77,41085.64,Unemployed,1
LOAN0957,17390.32,78366.63,Unemployed,1
LOAN0958,11566.92,38478.0,Unemployed,1
LOAN0959,97866.24,178993.52,Employed,0
LOAN0960,8372.79,13799.19,Unemployed,0
LOAN0961,10533.6,19573.92,Unemployed,0
LOAN0962,22557.72,52741.17,Unemployed,1
LOAN0963,14739.43,8911.82,Unemployed,0
LOAN0964,131015.16,429498.11,Employed,1
LOAN0965,61588.16,273052.63,Employed,1
LOAN0966,137052.62,424944.05,Employed,0
LOAN0967,20384.01,22471.82,Unemployed,1
LOAN0968,15869.39,79247.31,Unemployed,1
LOAN0969,73898.24,83286.53,Employed,0
LOAN0970,7677.63,19736.07,Unemployed,1
LOAN0971,15043.35,50181.84,Unemployed,0
LOAN0972,120864.73,71044.98,Employed,0
LOAN0973,118310.38,242268.2,Employed,0
LOAN0974,121376.69,116643.2,Employed,0
LOAN0975,35137.01,37120.34,Employed,0
LOAN0976,12761.86,58652.78,Unemployed,0
LOAN0977,147670.77,162711.48,Employed,0
LOAN0978,21697.45,29303.12,Unemployed,0
LOAN0979,75199.15,142942.84,Employed,0
LOAN0980,91999.55,173734.06,Employed,0
LOAN0981,12057.96,52446.91,Unemployed,1
LOAN0982,22743.44,1743.67,Unemployed,0
LOAN0983,8312.12,4126.74,Unemployed,0
LOAN0984,48028.85,38631.11,Employed,0
LOAN0985,109333.16,207892.23,Employed,0
LOAN0986,87782.0,210677.72,Employed,1
LOAN0987,107671.11,206038.7,Employed,1
LOAN0988,98818.38,80451.47,Employed,0
LOAN0989,136895.72,74285.68,Employed,0
LOAN0990,91996.88,187098.12,Employed,0
LOAN0991,135421.08,364259.18,Employed,0
LOAN0992,55991.21,170194.07,Employed,1
LOAN0993,8411.34,35091.99,Unemployed,1
LOAN0994,104785.41,255891.65,Employed,1
LOAN0995,23447.04,70338.17,Unemployed,1
LOAN0996,12709.24,7790.65,Unemployed,1
LOAN0997,21530.28,65578.6,Unemployed,1
LOAN0998,135330.32,266183.55,Employed,0
LOAN0999,87868.91,58128.94,Employed,0
LOAN1000,137636.27,387660.34,Employed,0
